{"num_layers": 4, "lr": 0.00979035058824503, "units_0": 96, "kernel_size_0": 5, "activation_0": "relu", "pool_size_0": 1, "dropout_0": 0.1396624344097433, "dilation_0": 1, "units_1": 96, "kernel_size_1": 5, "activation_1": "gelu", "pool_size_1": 3, "dropout_1": 0.23281484956540183, "dilation_1": 1, "units_2": 64, "kernel_size_2": 7, "activation_2": "gelu", "pool_size_2": 3, "dropout_2": 0.47137611136910823, "dilation_2": 1, "units_3": 128, "kernel_size_3": 5, "activation_3": "gelu", "pool_size_3": 1, "dropout_3": 0.010830364726016822, "dilation_3": 2}